Game Name,Genre,Platform,Release Year,Total Players (Millions),Total Installs (Millions),Developer,Avg Playtime (hrs/week),Online Multiplayer
Valorant 1,MOBA,Multi-platform,2018,583,628,Valve,6.3,No
PUBG 2,Party/Social Deduction,Console,2016,322,335,Infinity Ward,5.6,No
Dota 2 3,Sports,Mobile,2014,437,618,Valve,12.0,No
Valorant 4,Party/Social Deduction,PC,2008,223,377,Mojang,2.7,Yes
CS:GO 5,Sports,Mobile,2017,496,655,Infinity Ward,4.2,No
Minecraft 6,First-person Shooter,PC,2011,465,615,FromSoftware,6.5,No
FIFA 7,Action-Adventure,Console,2006,104,112,Nintendo,7.3,Yes
Dota 2 8,MOBA,Mobile,2010,245,367,Maxis,11.0,No
CS:GO 9,Sandbox,PC,2011,349,548,FromSoftware,11.1,No
Elden Ring 10,Action-Adventure,Console,2016,384,473,EA Sports,14.4,No
FIFA 11,Sports,Mobile,2023,232,401,Epic Games,2.2,No
Dota 2 12,Sandbox,PC,2022,541,548,Infinity Ward,10.7,No
Overwatch 13,Simulation,Multi-platform,2009,357,397,Rockstar Games,13.9,No
GTA V 14,Simulation,Multi-platform,2006,255,422,Supercell,9.4,Yes
Minecraft 15,Sandbox,Mobile,2018,439,540,Rockstar Games,2.3,Yes
Overwatch 16,Sports,Mobile,2020,166,341,Valve,12.3,No
PUBG 17,Strategy,Console,2012,274,452,Rockstar Games,5.8,No
Apex Legends 18,MOBA,Console,2021,573,603,King,12.0,No
Clash of Clans 19,Sandbox,Mobile,2013,48,195,Roblox Corporation,13.0,No
Rocket League 20,Party/Social Deduction,Multi-platform,2008,529,533,Nintendo,14.4,No
Minecraft 21,Sports,Console,2022,515,613,Supercell,10.0,Yes
PUBG 22,First-person Shooter,Console,2008,143,194,Nintendo,4.8,Yes
Dota 2 23,Party/Social Deduction,Mobile,2007,365,415,Nintendo,6.3,No
Rocket League 24,Strategy,Multi-platform,2008,329,506,Innersloth,5.8,No
League of Legends 25,MOBA,Mobile,2007,271,328,Mojang,12.0,No
PUBG 26,Action-Adventure,Multi-platform,2008,471,558,King,3.9,Yes
Elden Ring 27,Sandbox,Mobile,2009,182,284,King,7.8,No
CS:GO 28,First-person Shooter,Multi-platform,2023,473,651,Epic Games,5.8,Yes
Minecraft 29,Simulation,Console,2013,48,121,Roblox Corporation,14.3,Yes
Dota 2 30,Sandbox,Multi-platform,2022,510,568,EA Sports,11.4,No
GTA V 31,Simulation,Console,2024,244,264,Nintendo,3.5,Yes
Valorant 32,Strategy,PC,2021,470,566,Rockstar Games,7.3,Yes
Roblox 33,Party/Social Deduction,PC,2010,560,589,King,9.9,No
Roblox 34,Puzzle,Multi-platform,2021,36,230,FromSoftware,5.5,Yes
Roblox 35,Simulation,Multi-platform,2010,565,647,Valve,7.2,Yes
Minecraft 36,Sandbox,Mobile,2020,301,425,Epic Games,12.3,Yes
Candy Crush 37,Party/Social Deduction,Multi-platform,2011,367,409,Mojang,9.7,No
The Sims 38,MOBA,Multi-platform,2019,145,166,Epic Games,3.2,No
Rocket League 39,Strategy,PC,2014,63,213,Valve,11.9,Yes
Among Us 40,Party/Social Deduction,Multi-platform,2008,47,177,FromSoftware,4.5,No
Overwatch 41,Party/Social Deduction,PC,2009,357,520,Valve,12.7,No
FIFA 42,Action-Adventure,Mobile,2006,548,727,King,7.6,No
Elden Ring 43,Battle Royale,PC,2007,79,164,Innersloth,10.9,No
Apex Legends 44,First-person Shooter,Mobile,2016,339,345,Nintendo,6.7,Yes
Call of Duty 45,MOBA,PC,2007,224,390,Supercell,4.7,No
Clash of Clans 46,Puzzle,Console,2012,588,698,Krafton,13.9,No
Apex Legends 47,Sandbox,Console,2018,578,700,Mojang,11.3,Yes
Candy Crush 48,Action-Adventure,Console,2007,24,64,Innersloth,3.3,Yes
FIFA 49,First-person Shooter,Console,2012,525,579,Epic Games,6.5,No
Rocket League 50,Sandbox,PC,2018,12,50,Krafton,13.4,Yes
League of Legends 51,Party/Social Deduction,PC,2014,314,402,EA Sports,11.8,Yes
Minecraft 52,First-person Shooter,Mobile,2024,590,620,Krafton,4.1,No
CS:GO 53,First-person Shooter,Console,2018,538,576,Rockstar Games,9.7,No
Apex Legends 54,Party/Social Deduction,PC,2009,388,412,Nintendo,12.4,Yes
Apex Legends 55,Battle Royale,Mobile,2010,513,693,Roblox Corporation,5.5,Yes
PUBG 56,Sandbox,PC,2013,86,193,Riot Games,15.0,No
Apex Legends 57,First-person Shooter,Mobile,2015,224,293,Roblox Corporation,14.5,Yes
The Sims 58,Sports,Multi-platform,2012,492,498,Infinity Ward,8.4,No
Dota 2 59,Party/Social Deduction,PC,2019,417,475,Maxis,6.7,No
Roblox 60,Action-Adventure,Multi-platform,2023,276,393,Supercell,13.0,No
Candy Crush 61,Party/Social Deduction,Mobile,2019,176,252,Mojang,10.2,No
Candy Crush 62,Strategy,Multi-platform,2011,229,248,FromSoftware,4.3,Yes
Rocket League 63,Battle Royale,Console,2011,490,501,Riot Games,10.1,Yes
Among Us 64,Sandbox,Multi-platform,2022,363,440,FromSoftware,13.1,No
GTA V 65,MOBA,Mobile,2024,461,523,Innersloth,2.8,Yes
CS:GO 66,First-person Shooter,Console,2024,594,616,Riot Games,7.6,Yes
Apex Legends 67,Strategy,Mobile,2011,114,199,EA Sports,13.1,No
FIFA 68,Simulation,Console,2015,193,194,Mojang,9.4,Yes
Among Us 69,Party/Social Deduction,Console,2019,46,64,Valve,15.0,Yes
League of Legends 70,Sports,PC,2016,197,355,King,5.9,No
The Sims 71,Strategy,Console,2018,251,282,Supercell,13.7,No
FIFA 72,First-person Shooter,Mobile,2009,525,598,Supercell,6.9,Yes
Minecraft 73,Sports,Mobile,2023,199,309,Innersloth,6.8,No
FIFA 74,Party/Social Deduction,Multi-platform,2005,101,267,Valve,10.5,No
Halo 75,Sandbox,Multi-platform,2013,138,232,Innersloth,6.6,No
Apex Legends 76,Party/Social Deduction,PC,2008,71,163,Supercell,9.7,No
League of Legends 77,Puzzle,Mobile,2016,193,350,Mojang,8.1,No
Elden Ring 78,Party/Social Deduction,PC,2023,496,599,Epic Games,12.9,Yes
Dota 2 79,Party/Social Deduction,PC,2024,491,625,FromSoftware,10.7,Yes
Roblox 80,Sandbox,Mobile,2023,575,576,Maxis,2.3,No
GTA V 81,Simulation,Multi-platform,2017,22,101,Valve,8.1,No
Halo 82,Sandbox,Console,2008,526,537,EA Sports,10.0,Yes
Halo 83,First-person Shooter,PC,2023,15,190,Maxis,7.8,Yes
Clash of Clans 84,Puzzle,Mobile,2024,340,489,Maxis,9.7,Yes
Roblox 85,Puzzle,Mobile,2018,391,423,Innersloth,13.9,Yes
League of Legends 86,MOBA,Mobile,2013,14,80,Maxis,6.2,Yes
Minecraft 87,Strategy,Mobile,2010,350,392,Infinity Ward,4.8,Yes
Apex Legends 88,Sports,PC,2015,249,412,Nintendo,13.7,No
League of Legends 89,Battle Royale,Mobile,2007,320,485,EA Sports,7.7,No
Candy Crush 90,Strategy,PC,2022,581,604,Supercell,4.5,No
GTA V 91,Simulation,Multi-platform,2017,412,534,Innersloth,3.5,Yes
Fortnite 92,Party/Social Deduction,Mobile,2013,273,405,Maxis,5.5,Yes
GTA V 93,Simulation,Mobile,2008,522,679,Mojang,10.0,No
Apex Legends 94,Action-Adventure,Multi-platform,2022,515,632,Roblox Corporation,14.6,No
FIFA 95,MOBA,Console,2021,541,562,EA Sports,9.6,Yes
Clash of Clans 96,Sports,Mobile,2005,231,275,Riot Games,14.8,Yes
Fortnite 97,MOBA,Multi-platform,2020,171,237,Rockstar Games,3.3,No
Minecraft 98,Battle Royale,Mobile,2014,281,472,King,14.8,No
FIFA 99,Battle Royale,Console,2018,175,299,EA Sports,11.8,Yes
Minecraft 100,MOBA,PC,2010,373,399,Krafton,7.6,No
League of Legends 101,First-person Shooter,Multi-platform,2012,73,262,Rockstar Games,12.0,No
Roblox 102,First-person Shooter,PC,2005,547,609,Rockstar Games,14.6,Yes
The Sims 103,Puzzle,Multi-platform,2008,275,474,Valve,8.9,Yes
Roblox 104,First-person Shooter,Console,2016,355,374,EA Sports,8.7,Yes
Roblox 105,Sandbox,Multi-platform,2018,211,266,Infinity Ward,8.2,No
Minecraft 106,Strategy,Mobile,2017,366,506,Rockstar Games,10.8,No
Rocket League 107,Sandbox,PC,2005,31,181,Valve,12.9,Yes
Valorant 108,Sandbox,Console,2024,466,489,Mojang,9.7,Yes
Apex Legends 109,Strategy,PC,2006,484,580,Maxis,9.4,No
CS:GO 110,Action-Adventure,Mobile,2007,299,405,Innersloth,12.1,No
Clash of Clans 111,Sandbox,PC,2023,112,312,Roblox Corporation,2.6,No
Candy Crush 112,Simulation,Mobile,2014,392,429,Mojang,5.6,Yes
Apex Legends 113,Simulation,PC,2005,24,56,Mojang,7.5,No
Candy Crush 114,Simulation,Multi-platform,2011,89,195,EA Sports,5.6,Yes
Valorant 115,Action-Adventure,Console,2017,15,23,EA Sports,6.1,Yes
Candy Crush 116,MOBA,Mobile,2008,535,660,Riot Games,3.9,Yes
Dota 2 117,Simulation,Mobile,2019,294,418,Innersloth,14.2,No
Minecraft 118,Strategy,Multi-platform,2021,499,550,Infinity Ward,10.9,Yes
Fortnite 119,Puzzle,Multi-platform,2017,79,182,Krafton,6.2,Yes
PUBG 120,Puzzle,PC,2018,278,309,Epic Games,3.8,No
Roblox 121,First-person Shooter,Console,2006,99,136,Maxis,2.5,Yes
FIFA 122,Simulation,Mobile,2006,242,248,Valve,14.0,No
Elden Ring 123,Strategy,Multi-platform,2005,52,134,Valve,2.3,Yes
Apex Legends 124,Sandbox,Mobile,2019,577,648,Riot Games,3.8,No
Clash of Clans 125,Strategy,PC,2021,464,616,Nintendo,11.3,Yes
Rocket League 126,MOBA,Multi-platform,2005,514,535,Nintendo,14.4,No
Among Us 127,Party/Social Deduction,Multi-platform,2024,335,376,Supercell,5.9,Yes
Minecraft 128,First-person Shooter,Mobile,2007,472,513,Krafton,10.8,No
Minecraft 129,First-person Shooter,Mobile,2008,362,559,Roblox Corporation,13.6,No
PUBG 130,MOBA,PC,2012,174,324,Riot Games,10.0,No
Rocket League 131,Party/Social Deduction,Console,2015,176,287,Infinity Ward,7.6,Yes
Elden Ring 132,Puzzle,Console,2005,136,266,EA Sports,9.6,Yes
League of Legends 133,Puzzle,Console,2017,96,269,Rockstar Games,14.3,Yes
Roblox 134,Action-Adventure,Console,2016,265,409,Krafton,13.8,No
Halo 135,Party/Social Deduction,Mobile,2016,483,635,FromSoftware,7.3,Yes
Valorant 136,Action-Adventure,Console,2015,138,276,Innersloth,14.6,No
Valorant 137,Puzzle,Console,2009,87,234,Valve,7.4,No
Rocket League 138,Action-Adventure,Mobile,2012,69,158,King,14.5,No
Call of Duty 139,Simulation,Mobile,2013,465,523,Epic Games,13.2,Yes
Minecraft 140,First-person Shooter,Multi-platform,2018,342,530,EA Sports,11.9,No
Valorant 141,Strategy,PC,2023,197,276,Maxis,10.9,No
Minecraft 142,First-person Shooter,PC,2019,21,78,EA Sports,5.8,No
Clash of Clans 143,Sports,Mobile,2011,308,322,Nintendo,11.4,Yes
PUBG 144,Sports,Mobile,2012,518,624,Infinity Ward,9.0,Yes
Rocket League 145,Sandbox,Console,2022,132,134,Riot Games,8.1,No
Roblox 146,Strategy,Mobile,2009,322,499,Infinity Ward,9.3,Yes
FIFA 147,First-person Shooter,Console,2023,509,514,King,3.8,Yes
Halo 148,Simulation,PC,2013,111,216,Epic Games,2.7,No
Halo 149,Party/Social Deduction,Mobile,2016,152,216,Maxis,3.4,No
FIFA 150,Sandbox,Multi-platform,2016,418,528,FromSoftware,3.6,Yes
Overwatch 151,Party/Social Deduction,Mobile,2023,307,486,Valve,3.2,No
The Sims 152,Sandbox,Multi-platform,2018,544,651,Riot Games,11.9,Yes
Among Us 153,Battle Royale,PC,2020,560,741,Infinity Ward,9.7,Yes
PUBG 154,First-person Shooter,Console,2014,176,207,Mojang,7.7,Yes
Rocket League 155,Party/Social Deduction,Multi-platform,2011,159,236,Valve,10.1,No
Elden Ring 156,Strategy,Multi-platform,2006,482,553,King,10.8,Yes
Candy Crush 157,Sports,Mobile,2018,444,602,Maxis,5.0,No
Fortnite 158,Action-Adventure,Console,2024,40,68,Epic Games,12.3,No
Minecraft 159,Party/Social Deduction,Multi-platform,2008,353,357,Maxis,12.0,No
Roblox 160,Sports,Console,2005,514,672,EA Sports,14.3,Yes
Rocket League 161,Strategy,Mobile,2018,259,401,Mojang,10.5,Yes
Minecraft 162,Simulation,Multi-platform,2018,251,281,King,3.8,Yes
Halo 163,Simulation,Console,2006,447,481,Riot Games,8.0,Yes
GTA V 164,MOBA,Mobile,2024,32,205,Infinity Ward,2.5,No
Roblox 165,Sandbox,PC,2020,475,511,Rockstar Games,10.1,Yes
Minecraft 166,Puzzle,PC,2022,533,727,Roblox Corporation,5.2,No
The Sims 167,MOBA,Mobile,2021,120,272,FromSoftware,11.4,No
Halo 168,Simulation,Mobile,2024,322,353,Supercell,12.7,No
Roblox 169,Puzzle,PC,2005,18,162,Valve,2.6,No
Among Us 170,Sandbox,Multi-platform,2007,308,460,Maxis,6.1,Yes
Valorant 171,First-person Shooter,Multi-platform,2012,263,396,Valve,13.0,Yes
Among Us 172,Battle Royale,Mobile,2006,451,579,Innersloth,11.3,Yes
FIFA 173,Sports,Console,2006,472,612,Rockstar Games,9.9,No
PUBG 174,Sandbox,Multi-platform,2010,425,612,Maxis,11.5,No
FIFA 175,Simulation,Console,2016,437,558,Infinity Ward,11.9,No
The Sims 176,Strategy,Console,2019,591,713,Riot Games,3.6,Yes
The Sims 177,Battle Royale,Multi-platform,2009,226,245,King,10.1,Yes
PUBG 178,First-person Shooter,Mobile,2024,376,394,Nintendo,3.4,No
GTA V 179,Sandbox,Multi-platform,2005,129,325,Nintendo,11.9,Yes
GTA V 180,Puzzle,Mobile,2023,31,174,EA Sports,10.0,Yes
The Sims 181,Puzzle,PC,2016,253,414,Maxis,8.1,Yes
Apex Legends 182,Party/Social Deduction,Mobile,2006,148,243,Infinity Ward,12.7,No
Clash of Clans 183,Battle Royale,Mobile,2023,248,417,Maxis,9.6,No
Roblox 184,MOBA,Mobile,2008,597,731,King,3.6,No
Call of Duty 185,Puzzle,Mobile,2010,548,696,FromSoftware,10.2,Yes
Among Us 186,Simulation,PC,2021,201,244,Epic Games,3.8,No
FIFA 187,Sandbox,PC,2005,26,211,Rockstar Games,7.0,Yes
Dota 2 188,Battle Royale,Multi-platform,2022,244,345,Infinity Ward,2.3,Yes
Clash of Clans 189,MOBA,PC,2018,379,547,Valve,14.2,No
Halo 190,Simulation,Multi-platform,2007,510,519,Innersloth,11.5,Yes
PUBG 191,Simulation,Multi-platform,2010,455,574,Infinity Ward,10.2,No
Apex Legends 192,MOBA,PC,2015,460,611,Innersloth,10.4,No
Elden Ring 193,Action-Adventure,Console,2014,336,354,Innersloth,3.5,Yes
PUBG 194,Action-Adventure,Multi-platform,2011,559,748,Nintendo,8.7,Yes
Overwatch 195,MOBA,Console,2018,140,212,Roblox Corporation,13.5,No
Valorant 196,Action-Adventure,Mobile,2010,32,135,Nintendo,9.2,Yes
Dota 2 197,MOBA,Multi-platform,2018,298,488,King,9.1,Yes
Elden Ring 198,Simulation,Mobile,2009,142,272,Nintendo,14.9,No
Overwatch 199,Simulation,Console,2005,97,146,EA Sports,5.5,No
Rocket League 200,Party/Social Deduction,Mobile,2024,168,173,Riot Games,8.2,No
Fortnite 201,Strategy,PC,2012,569,665,Maxis,9.3,No
Dota 2 202,Battle Royale,Multi-platform,2007,260,365,Infinity Ward,12.3,No
Among Us 203,Action-Adventure,PC,2005,372,389,EA Sports,5.0,Yes
Halo 204,Simulation,PC,2014,307,443,Rockstar Games,12.2,Yes
Valorant 205,Sandbox,Console,2022,251,269,Maxis,3.7,Yes
Rocket League 206,Sandbox,PC,2013,75,177,Nintendo,2.1,No
Fortnite 207,Simulation,Console,2011,159,314,Supercell,11.8,No
Among Us 208,Action-Adventure,PC,2015,162,315,Infinity Ward,10.3,Yes
Minecraft 209,Sandbox,Mobile,2021,315,387,Krafton,5.4,Yes
GTA V 210,Action-Adventure,PC,2018,542,642,Epic Games,13.0,No
Minecraft 211,Action-Adventure,Multi-platform,2010,261,429,Krafton,11.2,Yes
Fortnite 212,First-person Shooter,Console,2016,414,514,EA Sports,9.3,No
Minecraft 213,Sandbox,PC,2017,201,332,Innersloth,5.7,Yes
FIFA 214,Battle Royale,Mobile,2017,273,401,Rockstar Games,3.7,No
Clash of Clans 215,Puzzle,Mobile,2018,113,206,Innersloth,10.2,Yes
Rocket League 216,Sports,Console,2012,377,397,Riot Games,5.8,No
PUBG 217,Battle Royale,Mobile,2007,336,470,EA Sports,8.8,Yes
Rocket League 218,MOBA,Mobile,2007,148,331,Epic Games,6.2,No
Clash of Clans 219,Battle Royale,Console,2022,312,314,FromSoftware,2.7,Yes
Minecraft 220,Action-Adventure,Multi-platform,2023,14,66,Riot Games,5.5,Yes
Clash of Clans 221,Simulation,Multi-platform,2019,214,214,FromSoftware,3.9,Yes
Candy Crush 222,Puzzle,Multi-platform,2020,25,180,Rockstar Games,4.1,No
Minecraft 223,Party/Social Deduction,PC,2019,442,530,Epic Games,8.3,No
CS:GO 224,Battle Royale,Mobile,2014,151,211,Innersloth,10.9,No
Clash of Clans 225,Party/Social Deduction,Multi-platform,2007,259,425,Mojang,6.7,Yes
Overwatch 226,First-person Shooter,Mobile,2014,144,297,Epic Games,14.9,Yes
Halo 227,Sandbox,Multi-platform,2012,360,460,Maxis,13.8,Yes
Rocket League 228,MOBA,Mobile,2007,85,163,EA Sports,5.4,No
Overwatch 229,First-person Shooter,Mobile,2007,299,440,Infinity Ward,6.6,Yes
The Sims 230,Sports,Multi-platform,2014,587,593,Maxis,3.6,Yes
PUBG 231,Party/Social Deduction,Multi-platform,2023,461,535,Innersloth,6.7,No
Clash of Clans 232,Party/Social Deduction,Console,2016,189,245,Mojang,2.9,No
Call of Duty 233,Action-Adventure,Mobile,2009,291,365,Mojang,14.8,Yes
Candy Crush 234,Sports,PC,2010,404,517,Riot Games,4.5,Yes
Roblox 235,Battle Royale,Console,2011,479,570,Riot Games,10.6,Yes
Valorant 236,Sports,Multi-platform,2024,14,178,King,11.9,No
League of Legends 237,Action-Adventure,PC,2017,517,629,Supercell,2.1,Yes
Valorant 238,Sports,Multi-platform,2009,185,290,Supercell,7.2,No
GTA V 239,Strategy,Multi-platform,2009,467,615,EA Sports,7.7,Yes
Candy Crush 240,First-person Shooter,Console,2013,473,496,EA Sports,6.4,No
Candy Crush 241,Action-Adventure,PC,2018,50,175,Supercell,11.3,Yes
FIFA 242,First-person Shooter,Mobile,2021,572,670,Infinity Ward,11.1,Yes
CS:GO 243,First-person Shooter,Console,2021,579,638,Supercell,11.3,Yes
CS:GO 244,First-person Shooter,Mobile,2017,434,624,EA Sports,6.1,Yes
Candy Crush 245,MOBA,Multi-platform,2024,47,228,Rockstar Games,12.0,Yes
Dota 2 246,Simulation,PC,2020,446,568,Innersloth,10.4,Yes
Dota 2 247,MOBA,Multi-platform,2007,595,711,Roblox Corporation,6.4,No
Overwatch 248,Sports,Multi-platform,2009,387,548,Valve,6.8,No
Elden Ring 249,Sandbox,Multi-platform,2020,407,502,FromSoftware,4.4,No
Candy Crush 250,Action-Adventure,Multi-platform,2013,351,412,Innersloth,4.2,Yes
Elden Ring 251,Action-Adventure,Mobile,2016,414,438,Mojang,3.4,Yes
FIFA 252,First-person Shooter,PC,2022,460,640,Roblox Corporation,13.4,Yes
Rocket League 253,Sandbox,PC,2018,596,676,King,5.1,No
GTA V 254,Strategy,Multi-platform,2018,273,443,Supercell,14.1,Yes
GTA V 255,Sandbox,Multi-platform,2007,357,528,Epic Games,8.2,Yes
Halo 256,First-person Shooter,Console,2010,401,597,Roblox Corporation,2.7,Yes
GTA V 257,First-person Shooter,Multi-platform,2012,176,215,Rockstar Games,11.8,Yes
Fortnite 258,Battle Royale,Multi-platform,2020,78,119,Innersloth,8.7,Yes
The Sims 259,MOBA,Multi-platform,2021,401,477,EA Sports,15.0,No
PUBG 260,Sandbox,Mobile,2005,443,556,Maxis,10.5,Yes
PUBG 261,Strategy,Console,2006,401,444,EA Sports,8.9,Yes
FIFA 262,Simulation,PC,2023,276,360,Roblox Corporation,7.7,Yes
Rocket League 263,Simulation,PC,2024,236,346,Infinity Ward,2.5,Yes
Overwatch 264,Sandbox,Mobile,2010,424,456,Innersloth,4.3,No
Valorant 265,First-person Shooter,Multi-platform,2022,93,276,King,13.6,No
Valorant 266,Sandbox,Multi-platform,2007,92,145,Innersloth,5.3,No
Fortnite 267,Party/Social Deduction,PC,2021,406,424,Maxis,12.6,No
Clash of Clans 268,Action-Adventure,Mobile,2010,109,148,Nintendo,13.1,Yes
Overwatch 269,Battle Royale,Multi-platform,2011,381,398,Maxis,2.6,Yes
FIFA 270,Sandbox,Mobile,2016,329,497,Krafton,12.8,Yes
Valorant 271,Sandbox,Mobile,2015,367,544,King,5.0,Yes
Elden Ring 272,Sports,Console,2015,156,259,Innersloth,13.9,No
Call of Duty 273,Simulation,Console,2011,327,454,Epic Games,3.4,No
Fortnite 274,First-person Shooter,Console,2008,56,179,Rockstar Games,13.3,Yes
CS:GO 275,First-person Shooter,PC,2023,592,713,Krafton,4.7,No
Halo 276,Simulation,Multi-platform,2008,273,432,Maxis,5.2,No
GTA V 277,MOBA,Mobile,2011,343,469,Rockstar Games,15.0,No
Call of Duty 278,Party/Social Deduction,Console,2014,564,575,Roblox Corporation,8.8,Yes
Candy Crush 279,First-person Shooter,PC,2016,150,304,Roblox Corporation,2.0,No
League of Legends 280,MOBA,Console,2011,336,425,EA Sports,9.5,No
Clash of Clans 281,Sandbox,Console,2006,312,437,Krafton,3.8,No
Call of Duty 282,Sports,Console,2009,135,327,FromSoftware,14.7,No
Elden Ring 283,Puzzle,PC,2014,176,230,Nintendo,7.9,No
Clash of Clans 284,First-person Shooter,Console,2016,98,262,EA Sports,6.3,No
Rocket League 285,Strategy,PC,2006,300,344,Krafton,11.4,Yes
Apex Legends 286,Party/Social Deduction,Multi-platform,2011,80,80,FromSoftware,3.0,Yes
Elden Ring 287,Party/Social Deduction,Multi-platform,2020,224,392,Mojang,3.9,No
PUBG 288,Strategy,Console,2011,452,567,EA Sports,5.7,No
Minecraft 289,Sandbox,PC,2024,130,149,Maxis,2.2,Yes
Roblox 290,First-person Shooter,PC,2009,151,321,Krafton,11.4,Yes
Fortnite 291,Sandbox,Mobile,2008,552,735,Riot Games,2.4,Yes
Overwatch 292,First-person Shooter,PC,2018,117,132,Krafton,9.4,No
Rocket League 293,Puzzle,PC,2012,307,470,Roblox Corporation,10.2,No
Minecraft 294,Action-Adventure,PC,2007,349,403,Krafton,14.1,Yes
Overwatch 295,Puzzle,Console,2021,237,329,Riot Games,2.4,No
Rocket League 296,Simulation,Mobile,2021,133,309,Mojang,8.6,Yes
FIFA 297,Action-Adventure,PC,2020,450,616,Rockstar Games,8.2,Yes
Roblox 298,Simulation,PC,2022,278,472,Innersloth,7.6,Yes
Among Us 299,Party/Social Deduction,Multi-platform,2013,229,406,EA Sports,6.5,Yes
Call of Duty 300,Puzzle,Console,2016,260,283,Supercell,7.5,No
CS:GO 301,Simulation,Mobile,2007,371,525,FromSoftware,11.6,No
Fortnite 302,Puzzle,Mobile,2018,507,599,Innersloth,9.2,No
Among Us 303,Simulation,Console,2013,154,220,Innersloth,12.3,Yes
Candy Crush 304,Action-Adventure,Console,2024,510,519,Roblox Corporation,8.5,Yes
PUBG 305,Simulation,Console,2019,452,543,Innersloth,3.8,No
Rocket League 306,Battle Royale,Mobile,2016,235,373,Innersloth,9.4,Yes
Halo 307,Strategy,PC,2022,593,744,Maxis,3.5,No
Overwatch 308,Action-Adventure,PC,2017,112,225,Mojang,7.4,Yes
Clash of Clans 309,Simulation,Mobile,2019,564,740,Maxis,7.6,No
CS:GO 310,Strategy,PC,2006,585,715,FromSoftware,2.0,No
CS:GO 311,Action-Adventure,PC,2018,356,517,Valve,6.6,Yes
Candy Crush 312,Simulation,Multi-platform,2007,250,369,Rockstar Games,7.3,Yes
Call of Duty 313,Puzzle,PC,2005,91,283,Epic Games,3.9,Yes
Apex Legends 314,Party/Social Deduction,Mobile,2014,65,221,Innersloth,11.6,No
Among Us 315,MOBA,Multi-platform,2008,316,487,Innersloth,8.3,Yes
CS:GO 316,Party/Social Deduction,Console,2007,334,395,Innersloth,14.8,Yes
PUBG 317,MOBA,Mobile,2023,455,536,Krafton,10.9,Yes
Overwatch 318,Action-Adventure,PC,2011,13,15,Infinity Ward,4.5,No
Minecraft 319,Strategy,Console,2022,533,617,Rockstar Games,14.0,No
Clash of Clans 320,Battle Royale,PC,2007,443,615,FromSoftware,14.8,No
Halo 321,Action-Adventure,Console,2006,506,618,Maxis,6.0,Yes
CS:GO 322,Simulation,PC,2005,193,304,Innersloth,14.7,Yes
League of Legends 323,Strategy,Multi-platform,2005,492,505,Supercell,4.3,No
League of Legends 324,Battle Royale,Console,2010,248,311,Supercell,11.4,Yes
Candy Crush 325,Battle Royale,PC,2007,39,81,Rockstar Games,12.8,No
Minecraft 326,Puzzle,Console,2018,406,419,Roblox Corporation,3.6,Yes
Valorant 327,Party/Social Deduction,Mobile,2017,361,537,Riot Games,13.8,Yes
GTA V 328,Strategy,Multi-platform,2006,72,225,Riot Games,8.1,No
Overwatch 329,MOBA,Console,2014,581,589,Infinity Ward,11.3,No
Fortnite 330,Action-Adventure,PC,2019,355,519,Rockstar Games,11.7,Yes
Apex Legends 331,Simulation,PC,2008,538,691,Innersloth,12.2,Yes
Overwatch 332,Puzzle,PC,2010,356,487,Epic Games,5.2,Yes
The Sims 333,Action-Adventure,Multi-platform,2007,167,185,Krafton,14.1,No
Roblox 334,Sandbox,Mobile,2020,97,188,Maxis,9.9,No
Roblox 335,Sandbox,Mobile,2005,438,586,Rockstar Games,5.2,No
CS:GO 336,First-person Shooter,PC,2010,163,237,FromSoftware,7.1,No
Apex Legends 337,Sandbox,Mobile,2022,165,222,Rockstar Games,11.3,No
Call of Duty 338,Strategy,Console,2018,584,595,FromSoftware,7.6,No
Overwatch 339,Action-Adventure,PC,2016,280,341,FromSoftware,5.8,No
GTA V 340,Strategy,Multi-platform,2009,508,692,Valve,7.1,No
GTA V 341,Sports,Console,2024,13,114,Infinity Ward,5.4,Yes
Among Us 342,Puzzle,Console,2005,237,309,Supercell,4.3,Yes
Overwatch 343,Party/Social Deduction,Console,2007,59,204,Mojang,7.4,Yes
Fortnite 344,Party/Social Deduction,PC,2005,47,124,Nintendo,5.8,Yes
Among Us 345,Sports,Console,2010,208,281,Riot Games,8.6,Yes
FIFA 346,Strategy,Multi-platform,2015,14,110,Nintendo,5.5,Yes
Elden Ring 347,Puzzle,PC,2020,570,689,FromSoftware,6.3,No
Candy Crush 348,Party/Social Deduction,Mobile,2007,213,242,King,7.1,No
Halo 349,Battle Royale,Mobile,2006,467,584,Krafton,7.8,Yes
Rocket League 350,Action-Adventure,Console,2016,368,523,King,14.4,No
Roblox 351,Strategy,PC,2018,272,350,Maxis,8.4,No
CS:GO 352,MOBA,Mobile,2008,304,469,Rockstar Games,13.3,No
GTA V 353,First-person Shooter,PC,2018,102,266,Krafton,13.0,No
Elden Ring 354,First-person Shooter,Multi-platform,2005,477,649,EA Sports,10.1,Yes
CS:GO 355,Puzzle,Console,2009,460,580,Maxis,2.5,No
Among Us 356,Battle Royale,Console,2013,573,591,Supercell,3.2,No
FIFA 357,Sandbox,PC,2006,395,427,EA Sports,8.2,Yes
Fortnite 358,Simulation,Console,2013,437,537,Mojang,7.2,Yes
The Sims 359,Battle Royale,PC,2020,280,302,EA Sports,5.5,No
Roblox 360,First-person Shooter,Multi-platform,2014,32,148,Epic Games,2.3,Yes
Valorant 361,Sandbox,PC,2021,426,559,King,12.3,Yes
Overwatch 362,Action-Adventure,Console,2023,343,520,Krafton,13.2,No
FIFA 363,Battle Royale,Console,2012,166,321,EA Sports,9.2,No
Elden Ring 364,Sandbox,PC,2024,283,445,Maxis,6.1,No
Rocket League 365,MOBA,Multi-platform,2022,357,482,Maxis,5.6,Yes
Apex Legends 366,First-person Shooter,PC,2016,27,195,Maxis,12.4,Yes
Rocket League 367,Puzzle,Multi-platform,2021,61,247,Mojang,6.0,No
GTA V 368,Sandbox,Mobile,2008,315,415,Valve,6.6,Yes
Halo 369,Action-Adventure,PC,2016,139,202,Mojang,14.8,Yes
Elden Ring 370,MOBA,PC,2021,438,572,Roblox Corporation,9.0,No
Apex Legends 371,Strategy,Mobile,2019,516,620,EA Sports,9.4,No
Valorant 372,MOBA,Multi-platform,2005,31,123,Rockstar Games,3.3,No
The Sims 373,Strategy,Mobile,2017,146,284,Maxis,14.9,Yes
Apex Legends 374,Puzzle,PC,2014,465,551,EA Sports,13.2,No
CS:GO 375,Action-Adventure,Console,2010,524,674,Rockstar Games,10.9,Yes
Call of Duty 376,Party/Social Deduction,Mobile,2005,67,228,Roblox Corporation,4.0,No
Valorant 377,Sports,Mobile,2010,234,273,Nintendo,6.7,No
PUBG 378,Puzzle,Mobile,2017,535,543,Innersloth,9.8,No
Minecraft 379,Action-Adventure,Console,2009,528,719,Nintendo,4.7,Yes
Call of Duty 380,First-person Shooter,Console,2021,69,222,Nintendo,5.9,Yes
League of Legends 381,Simulation,PC,2013,261,431,Krafton,7.2,No
Roblox 382,Strategy,Multi-platform,2019,184,246,Rockstar Games,11.9,No
PUBG 383,Sandbox,Multi-platform,2012,280,332,Valve,2.8,No
Clash of Clans 384,Action-Adventure,PC,2016,405,552,Maxis,9.1,Yes
Apex Legends 385,Simulation,PC,2012,545,635,FromSoftware,7.9,No
FIFA 386,Sandbox,Console,2023,390,491,King,7.1,No
Minecraft 387,Party/Social Deduction,PC,2005,558,712,Epic Games,9.0,Yes
Valorant 388,Puzzle,Mobile,2010,419,440,EA Sports,8.3,Yes
Minecraft 389,Sports,Console,2006,407,506,Riot Games,7.9,Yes
Minecraft 390,Party/Social Deduction,Console,2015,49,204,Supercell,4.2,Yes
Fortnite 391,MOBA,Multi-platform,2010,347,364,Maxis,4.3,Yes
Roblox 392,Sports,Console,2018,246,266,Maxis,14.3,Yes
CS:GO 393,Simulation,Console,2020,37,103,Valve,14.1,Yes
GTA V 394,Simulation,Mobile,2005,28,177,Supercell,8.5,No
Minecraft 395,Party/Social Deduction,PC,2020,422,468,EA Sports,6.1,Yes
Halo 396,Sandbox,Multi-platform,2017,50,113,Infinity Ward,5.4,No
GTA V 397,Strategy,Multi-platform,2008,249,411,Innersloth,2.1,Yes
Overwatch 398,Sandbox,PC,2024,170,200,Riot Games,6.3,Yes
Among Us 399,Simulation,PC,2021,484,512,Roblox Corporation,10.1,No
Clash of Clans 400,Sandbox,Mobile,2009,182,298,Innersloth,2.5,No
Call of Duty 401,First-person Shooter,Multi-platform,2006,197,244,EA Sports,12.7,No
League of Legends 402,MOBA,PC,2005,186,345,Nintendo,10.8,No
Among Us 403,Puzzle,Mobile,2023,531,567,Infinity Ward,10.0,Yes
The Sims 404,Strategy,Console,2024,319,509,Supercell,6.3,No
Dota 2 405,Party/Social Deduction,Console,2016,140,171,Krafton,2.3,Yes
The Sims 406,Party/Social Deduction,Mobile,2012,69,259,Supercell,8.8,Yes
CS:GO 407,Battle Royale,Mobile,2019,253,415,Supercell,10.4,No
Apex Legends 408,MOBA,PC,2015,177,340,FromSoftware,12.5,Yes
The Sims 409,Action-Adventure,Multi-platform,2011,417,513,King,9.1,Yes
Minecraft 410,First-person Shooter,Mobile,2007,169,275,Supercell,2.8,No
GTA V 411,First-person Shooter,Mobile,2017,426,600,Infinity Ward,2.5,No
GTA V 412,Sports,Console,2009,523,697,Rockstar Games,6.0,Yes
FIFA 413,Strategy,Multi-platform,2018,354,419,Roblox Corporation,5.7,No
Valorant 414,Battle Royale,Console,2012,549,686,EA Sports,7.5,Yes
Fortnite 415,Party/Social Deduction,Mobile,2015,404,485,Valve,5.9,Yes
CS:GO 416,Sandbox,Multi-platform,2006,137,145,Riot Games,3.4,No
Fortnite 417,Puzzle,Console,2017,435,526,Infinity Ward,10.5,Yes
GTA V 418,Battle Royale,PC,2024,412,474,Roblox Corporation,7.8,Yes
Roblox 419,Battle Royale,Console,2012,417,433,Maxis,11.5,No
Call of Duty 420,Action-Adventure,Console,2016,85,245,Nintendo,12.2,Yes
Elden Ring 421,Simulation,Mobile,2012,417,480,Epic Games,3.8,Yes
CS:GO 422,Battle Royale,Console,2023,591,598,Epic Games,14.4,Yes
PUBG 423,Simulation,Mobile,2024,434,600,Roblox Corporation,12.5,No
Rocket League 424,Battle Royale,Multi-platform,2005,585,623,Innersloth,9.2,Yes
PUBG 425,Sandbox,Multi-platform,2011,107,294,FromSoftware,5.8,Yes
Dota 2 426,Strategy,PC,2009,312,484,EA Sports,8.3,No
Clash of Clans 427,First-person Shooter,Console,2013,320,393,Valve,3.9,Yes
Rocket League 428,Sandbox,PC,2015,581,766,Epic Games,14.5,Yes
Clash of Clans 429,Simulation,PC,2021,36,110,Infinity Ward,8.9,Yes
Clash of Clans 430,Party/Social Deduction,Mobile,2024,408,445,Nintendo,4.0,No
PUBG 431,Sports,Console,2022,475,619,Innersloth,3.8,No
Elden Ring 432,MOBA,Multi-platform,2024,472,590,Epic Games,2.5,No
Call of Duty 433,Sports,Console,2010,177,255,Rockstar Games,7.7,No
The Sims 434,First-person Shooter,PC,2005,440,611,Rockstar Games,8.8,Yes
PUBG 435,Puzzle,Console,2023,583,719,Rockstar Games,10.1,No
GTA V 436,Party/Social Deduction,Mobile,2014,24,59,Innersloth,10.8,Yes
Candy Crush 437,Simulation,Console,2009,148,156,EA Sports,6.2,No
Among Us 438,Strategy,Multi-platform,2022,217,344,Rockstar Games,6.7,Yes
Valorant 439,First-person Shooter,PC,2005,191,218,Innersloth,10.7,Yes
Clash of Clans 440,Strategy,Console,2008,97,146,Infinity Ward,2.3,Yes
Dota 2 441,Sandbox,PC,2012,562,714,Maxis,7.8,No
Dota 2 442,Sports,Multi-platform,2007,245,360,Roblox Corporation,14.6,Yes
Rocket League 443,First-person Shooter,PC,2005,434,511,King,6.1,Yes
Dota 2 444,Sandbox,Console,2011,351,356,Infinity Ward,11.0,Yes
Candy Crush 445,MOBA,Mobile,2023,592,768,Supercell,2.5,No
FIFA 446,Simulation,PC,2019,363,453,Epic Games,6.2,Yes
League of Legends 447,Party/Social Deduction,Multi-platform,2009,550,620,Nintendo,9.5,No
Roblox 448,Party/Social Deduction,PC,2012,458,650,Rockstar Games,14.8,No
The Sims 449,MOBA,PC,2008,205,344,Krafton,8.9,Yes
CS:GO 450,First-person Shooter,Mobile,2010,43,230,Infinity Ward,4.2,Yes
Rocket League 451,Strategy,PC,2016,454,617,Epic Games,3.6,No
Dota 2 452,Battle Royale,Mobile,2019,541,669,Epic Games,14.4,Yes
Rocket League 453,Sandbox,Console,2005,219,385,FromSoftware,3.4,Yes
Minecraft 454,Party/Social Deduction,Mobile,2024,37,167,Nintendo,14.5,No
FIFA 455,Party/Social Deduction,PC,2006,544,729,Mojang,3.1,Yes
Apex Legends 456,Sandbox,Console,2013,408,532,Infinity Ward,6.6,Yes
Dota 2 457,Battle Royale,PC,2019,158,221,Valve,3.4,Yes
Call of Duty 458,Puzzle,Multi-platform,2018,99,245,Nintendo,12.2,No
League of Legends 459,Strategy,Mobile,2022,572,659,Supercell,3.3,Yes
Dota 2 460,Battle Royale,Console,2020,383,555,Roblox Corporation,14.1,No
FIFA 461,Battle Royale,PC,2019,542,724,EA Sports,2.8,No
Clash of Clans 462,First-person Shooter,PC,2019,564,641,Infinity Ward,9.1,No
Halo 463,Simulation,Mobile,2023,396,585,Maxis,7.7,No
Minecraft 464,Puzzle,Console,2021,483,577,Krafton,4.8,Yes
Call of Duty 465,Action-Adventure,Multi-platform,2012,334,416,Infinity Ward,14.7,No
Rocket League 466,Sports,PC,2020,591,670,King,9.0,Yes
The Sims 467,Action-Adventure,Multi-platform,2022,458,463,Krafton,12.1,No
Elden Ring 468,Simulation,PC,2019,67,97,EA Sports,4.1,No
Elden Ring 469,First-person Shooter,Mobile,2005,235,271,Roblox Corporation,2.0,No
Call of Duty 470,MOBA,Mobile,2018,524,680,Mojang,4.5,Yes
CS:GO 471,Battle Royale,PC,2013,445,575,Valve,4.1,Yes
Roblox 472,Battle Royale,PC,2010,446,574,Maxis,11.3,No
League of Legends 473,Sports,Console,2024,248,415,FromSoftware,13.1,No
Roblox 474,MOBA,Console,2017,532,612,Supercell,9.3,Yes
Valorant 475,Sandbox,Multi-platform,2005,513,665,Riot Games,3.1,Yes
Fortnite 476,Strategy,Console,2009,471,501,Supercell,4.6,No
Candy Crush 477,Battle Royale,PC,2012,68,164,EA Sports,14.8,No
League of Legends 478,First-person Shooter,PC,2015,216,225,Rockstar Games,9.9,Yes
Dota 2 479,Simulation,Multi-platform,2019,332,374,Supercell,6.8,Yes
Overwatch 480,Simulation,PC,2008,222,254,Roblox Corporation,3.6,No
Valorant 481,MOBA,Multi-platform,2014,209,332,Roblox Corporation,13.1,Yes
Halo 482,Puzzle,Multi-platform,2017,519,651,Rockstar Games,6.6,No
Rocket League 483,Action-Adventure,Mobile,2014,436,456,Krafton,14.8,Yes
CS:GO 484,Sandbox,Multi-platform,2022,327,451,EA Sports,10.9,No
Halo 485,Action-Adventure,Console,2006,190,337,Epic Games,2.2,Yes
CS:GO 486,First-person Shooter,Mobile,2017,338,359,Nintendo,6.3,No
Minecraft 487,Party/Social Deduction,Console,2008,588,641,FromSoftware,11.3,Yes
Candy Crush 488,Sandbox,Mobile,2013,318,445,Epic Games,13.5,No
Rocket League 489,First-person Shooter,Multi-platform,2015,153,344,Innersloth,2.9,No
Rocket League 490,Sports,Mobile,2008,329,436,Mojang,8.0,No
FIFA 491,Simulation,Console,2021,312,483,Maxis,13.1,Yes
Minecraft 492,Sports,Multi-platform,2024,584,622,Supercell,5.9,Yes
Apex Legends 493,Sports,Multi-platform,2008,117,289,Krafton,3.2,No
Elden Ring 494,Simulation,PC,2017,349,465,Infinity Ward,13.2,No
Apex Legends 495,Sports,Multi-platform,2013,146,330,Innersloth,7.8,Yes
Minecraft 496,Sandbox,Multi-platform,2016,474,581,Supercell,9.6,No
League of Legends 497,Simulation,Multi-platform,2014,279,455,Roblox Corporation,7.6,No
Halo 498,Simulation,Multi-platform,2010,539,588,Mojang,2.2,Yes
Clash of Clans 499,Sandbox,Mobile,2024,559,647,Epic Games,9.3,Yes
Halo 500,Party/Social Deduction,PC,2022,449,456,Rockstar Games,12.3,No
Call of Duty 501,Battle Royale,Multi-platform,2007,354,533,Mojang,3.6,Yes
Roblox 502,Simulation,Console,2015,51,183,King,4.4,Yes
The Sims 503,Strategy,Multi-platform,2005,485,655,Mojang,14.1,Yes
Minecraft 504,Battle Royale,Console,2013,125,299,Supercell,14.8,No
Call of Duty 505,MOBA,Multi-platform,2022,120,184,Supercell,3.2,Yes
Fortnite 506,Sports,Multi-platform,2018,96,135,Innersloth,2.9,Yes
Rocket League 507,Simulation,Mobile,2020,547,699,King,11.5,No
Among Us 508,Simulation,Multi-platform,2005,529,674,Infinity Ward,10.5,Yes
GTA V 509,Battle Royale,Mobile,2018,403,584,Nintendo,7.0,Yes
Halo 510,Battle Royale,Mobile,2021,280,392,Nintendo,8.9,No
Call of Duty 511,Action-Adventure,Multi-platform,2012,427,445,Supercell,4.7,No
PUBG 512,MOBA,Mobile,2010,231,371,Riot Games,6.3,No
Elden Ring 513,Battle Royale,Multi-platform,2017,280,298,Rockstar Games,10.6,No
Overwatch 514,MOBA,PC,2006,126,299,Mojang,4.6,Yes
CS:GO 515,Party/Social Deduction,Mobile,2012,54,217,Valve,14.5,Yes
Candy Crush 516,Sports,Mobile,2018,216,256,Maxis,11.5,Yes
Overwatch 517,Battle Royale,PC,2016,481,623,Rockstar Games,10.8,Yes
Overwatch 518,First-person Shooter,Multi-platform,2009,372,478,Epic Games,10.3,No
CS:GO 519,Battle Royale,PC,2018,22,130,Infinity Ward,4.2,No
FIFA 520,Sports,PC,2021,497,620,Rockstar Games,8.8,Yes
The Sims 521,First-person Shooter,Mobile,2008,486,548,Supercell,7.5,No
The Sims 522,Strategy,PC,2011,324,471,Mojang,14.0,Yes
CS:GO 523,MOBA,PC,2006,85,99,Roblox Corporation,14.1,Yes
Dota 2 524,Simulation,PC,2012,540,589,Maxis,4.2,No
Roblox 525,Simulation,Multi-platform,2014,75,157,King,2.5,No
Apex Legends 526,Sports,PC,2006,342,424,Valve,2.2,No
Call of Duty 527,Action-Adventure,Multi-platform,2007,581,594,Supercell,2.9,Yes
PUBG 528,Party/Social Deduction,Multi-platform,2022,55,173,Maxis,12.6,Yes
FIFA 529,Puzzle,PC,2018,475,551,Nintendo,9.0,No
Dota 2 530,Strategy,PC,2008,151,316,Epic Games,9.1,No
Elden Ring 531,First-person Shooter,Console,2022,77,203,Supercell,5.5,Yes
Rocket League 532,MOBA,Console,2007,424,527,Epic Games,14.8,No
Fortnite 533,MOBA,Mobile,2007,118,244,Krafton,12.7,No
Rocket League 534,MOBA,Mobile,2011,379,517,Supercell,10.5,No
FIFA 535,MOBA,Multi-platform,2020,486,506,EA Sports,11.3,No
Dota 2 536,MOBA,PC,2006,211,304,Epic Games,11.8,No
Among Us 537,First-person Shooter,Multi-platform,2015,113,224,King,14.5,Yes
Clash of Clans 538,Strategy,Multi-platform,2018,487,575,Nintendo,13.0,No
PUBG 539,Puzzle,Multi-platform,2024,475,590,Valve,5.7,Yes
Minecraft 540,Sports,PC,2006,36,150,Infinity Ward,2.0,Yes
The Sims 541,First-person Shooter,Multi-platform,2018,157,228,Valve,13.2,No
CS:GO 542,Action-Adventure,Console,2007,167,203,Supercell,5.2,Yes
PUBG 543,First-person Shooter,Multi-platform,2023,341,506,Nintendo,3.6,Yes
Rocket League 544,MOBA,PC,2015,524,623,Rockstar Games,4.7,No
Dota 2 545,Simulation,Mobile,2012,392,399,Valve,9.3,Yes
Candy Crush 546,Party/Social Deduction,Multi-platform,2018,214,345,Roblox Corporation,6.6,Yes
Clash of Clans 547,Sandbox,PC,2022,100,128,Supercell,8.6,Yes
Apex Legends 548,Battle Royale,Console,2013,476,520,Epic Games,9.3,Yes
Elden Ring 549,Puzzle,PC,2024,90,147,Mojang,8.9,No
League of Legends 550,Puzzle,Console,2024,37,50,King,7.2,Yes
League of Legends 551,Strategy,PC,2012,305,359,Roblox Corporation,11.3,Yes
PUBG 552,Party/Social Deduction,Mobile,2018,400,541,Krafton,11.0,No
Apex Legends 553,Strategy,Mobile,2015,338,488,Roblox Corporation,6.3,Yes
GTA V 554,Sandbox,PC,2010,572,733,Maxis,2.6,Yes
FIFA 555,Strategy,Mobile,2014,598,601,Roblox Corporation,9.0,No
Apex Legends 556,Battle Royale,PC,2023,248,407,Mojang,12.5,Yes
Dota 2 557,MOBA,Multi-platform,2010,141,189,Krafton,2.8,No
PUBG 558,First-person Shooter,Console,2006,249,363,Infinity Ward,10.7,No
FIFA 559,Puzzle,Mobile,2020,283,320,Supercell,10.1,Yes
Candy Crush 560,Sports,Multi-platform,2005,165,257,Riot Games,8.8,Yes
Minecraft 561,Sandbox,Mobile,2023,238,327,Epic Games,4.1,No
Clash of Clans 562,Puzzle,Mobile,2023,538,665,Rockstar Games,12.9,No
PUBG 563,Party/Social Deduction,Console,2018,18,129,Rockstar Games,6.8,No
Elden Ring 564,Puzzle,Multi-platform,2020,383,468,EA Sports,13.0,No
Candy Crush 565,First-person Shooter,Console,2017,518,657,EA Sports,6.2,Yes
FIFA 566,MOBA,Mobile,2022,519,695,Valve,7.2,Yes
The Sims 567,Simulation,Console,2010,202,353,FromSoftware,9.4,Yes
Among Us 568,Strategy,Console,2008,119,208,Supercell,13.0,No
Roblox 569,Simulation,Multi-platform,2014,497,617,Epic Games,13.4,No
GTA V 570,Sports,Mobile,2014,388,425,FromSoftware,10.6,No
Valorant 571,Sandbox,Multi-platform,2015,437,608,Riot Games,14.4,No
Rocket League 572,Action-Adventure,Multi-platform,2019,562,627,King,7.0,Yes
PUBG 573,MOBA,Console,2016,163,210,Valve,12.9,No
Apex Legends 574,Sports,Mobile,2012,376,525,Riot Games,2.5,No
The Sims 575,Simulation,PC,2009,140,192,Valve,5.8,Yes
Fortnite 576,Strategy,Multi-platform,2011,600,695,Maxis,4.5,No
Rocket League 577,First-person Shooter,Mobile,2020,101,173,Mojang,11.9,Yes
League of Legends 578,Action-Adventure,Mobile,2011,448,525,Riot Games,4.3,No
Dota 2 579,Action-Adventure,PC,2023,290,404,Valve,2.5,No
Candy Crush 580,Strategy,Multi-platform,2012,54,238,EA Sports,14.0,Yes
League of Legends 581,Sandbox,Console,2021,70,237,Valve,12.3,No
CS:GO 582,Simulation,PC,2007,380,449,EA Sports,2.7,No
Minecraft 583,First-person Shooter,Console,2005,305,306,Nintendo,13.5,No
Among Us 584,Battle Royale,PC,2019,220,414,King,3.8,Yes
GTA V 585,Battle Royale,Console,2009,437,547,Krafton,7.7,Yes
Roblox 586,Sandbox,Multi-platform,2009,424,430,Valve,14.0,Yes
GTA V 587,Party/Social Deduction,Console,2023,80,251,Epic Games,3.0,Yes
Minecraft 588,Battle Royale,PC,2006,480,636,Maxis,10.8,No
League of Legends 589,MOBA,Multi-platform,2014,54,61,Nintendo,15.0,No
Apex Legends 590,MOBA,PC,2005,29,40,Maxis,5.2,Yes
Among Us 591,Puzzle,Mobile,2009,90,247,FromSoftware,8.3,Yes
GTA V 592,Simulation,PC,2014,576,604,FromSoftware,14.9,No
Rocket League 593,Battle Royale,Console,2024,78,97,Epic Games,11.3,Yes
Apex Legends 594,First-person Shooter,PC,2008,143,287,Valve,3.3,No
Rocket League 595,First-person Shooter,Console,2020,21,27,Nintendo,10.2,Yes
Dota 2 596,MOBA,Multi-platform,2017,328,522,Mojang,12.2,No
Rocket League 597,MOBA,Multi-platform,2018,336,366,Nintendo,5.8,Yes
Candy Crush 598,Sports,Console,2018,274,298,King,10.4,Yes
Rocket League 599,Simulation,PC,2006,343,382,King,14.0,No
Halo 600,Party/Social Deduction,Console,2020,221,315,Supercell,5.5,No
Fortnite 601,Simulation,Console,2007,553,719,King,10.5,No
Rocket League 602,MOBA,Mobile,2013,311,374,Valve,9.4,Yes
Minecraft 603,Simulation,Multi-platform,2021,505,686,Infinity Ward,7.9,No
Rocket League 604,Simulation,PC,2006,114,312,Rockstar Games,8.5,No
Halo 605,Party/Social Deduction,Console,2023,502,664,Roblox Corporation,12.5,Yes
Overwatch 606,Sandbox,Console,2007,338,469,Krafton,4.7,Yes
FIFA 607,Strategy,Multi-platform,2017,345,423,EA Sports,7.4,Yes
Rocket League 608,MOBA,Console,2005,117,218,Maxis,10.2,Yes
Overwatch 609,Sandbox,Console,2017,377,482,Roblox Corporation,10.4,No
Elden Ring 610,Strategy,PC,2018,513,523,FromSoftware,8.5,Yes
Fortnite 611,MOBA,Console,2024,216,260,King,3.8,No
Overwatch 612,Battle Royale,Mobile,2011,246,253,Riot Games,7.0,Yes
Halo 613,MOBA,PC,2024,550,604,Nintendo,8.0,No
Call of Duty 614,Strategy,PC,2022,464,610,Riot Games,5.0,No
Dota 2 615,Puzzle,Multi-platform,2011,455,628,Krafton,7.8,No
League of Legends 616,Strategy,Mobile,2006,570,619,Roblox Corporation,11.0,Yes
Roblox 617,Sports,Mobile,2014,539,693,Mojang,5.9,Yes
Rocket League 618,Puzzle,PC,2005,505,552,King,8.6,Yes
FIFA 619,Sandbox,Mobile,2007,87,235,Krafton,4.9,Yes
Halo 620,MOBA,PC,2016,179,259,EA Sports,8.9,No
Candy Crush 621,Sports,Mobile,2012,593,738,Infinity Ward,13.1,Yes
Call of Duty 622,Battle Royale,Mobile,2023,251,406,Nintendo,7.8,No
Rocket League 623,First-person Shooter,Multi-platform,2016,265,328,Maxis,6.2,No
The Sims 624,Simulation,Mobile,2018,191,310,FromSoftware,13.2,No
Halo 625,First-person Shooter,Mobile,2009,91,138,Roblox Corporation,2.9,No
Call of Duty 626,First-person Shooter,Console,2020,295,356,Mojang,10.5,Yes
Fortnite 627,Strategy,Multi-platform,2018,297,409,Epic Games,13.4,No
Call of Duty 628,Party/Social Deduction,Multi-platform,2009,382,521,Roblox Corporation,4.4,Yes
Clash of Clans 629,Sports,PC,2020,201,211,Riot Games,12.8,Yes
Clash of Clans 630,Sandbox,Console,2014,279,419,Infinity Ward,8.8,No
Clash of Clans 631,MOBA,PC,2017,252,303,Krafton,4.5,Yes
Elden Ring 632,Sports,Mobile,2023,285,380,Maxis,4.6,Yes
Roblox 633,Action-Adventure,Multi-platform,2016,441,531,Epic Games,10.2,Yes
Call of Duty 634,First-person Shooter,Console,2010,34,175,Riot Games,13.3,No
Clash of Clans 635,First-person Shooter,PC,2007,452,585,Rockstar Games,14.3,No
PUBG 636,Sports,Multi-platform,2010,337,474,Supercell,5.3,Yes
Call of Duty 637,MOBA,PC,2017,16,192,EA Sports,3.9,Yes
Candy Crush 638,Simulation,PC,2014,472,612,Rockstar Games,7.6,Yes
CS:GO 639,First-person Shooter,PC,2014,555,658,EA Sports,12.3,Yes
Elden Ring 640,Battle Royale,PC,2008,359,459,Nintendo,12.0,Yes
FIFA 641,First-person Shooter,PC,2007,476,584,Nintendo,4.6,No
Candy Crush 642,Sandbox,PC,2015,565,693,Maxis,14.5,Yes
Call of Duty 643,Strategy,Mobile,2022,44,178,Valve,7.5,Yes
Dota 2 644,Puzzle,Console,2013,15,93,FromSoftware,8.1,No
Overwatch 645,Action-Adventure,Mobile,2012,254,407,Riot Games,14.8,No
Valorant 646,Puzzle,Mobile,2024,111,240,Epic Games,12.7,Yes
Overwatch 647,Puzzle,Multi-platform,2009,512,590,Innersloth,10.1,No
Elden Ring 648,Action-Adventure,Multi-platform,2007,432,453,FromSoftware,9.7,No
GTA V 649,MOBA,PC,2020,244,329,Maxis,12.6,No
Fortnite 650,Puzzle,PC,2005,193,279,Maxis,4.1,Yes
League of Legends 651,Party/Social Deduction,Multi-platform,2005,278,439,King,7.3,Yes
Among Us 652,Strategy,Multi-platform,2021,68,127,Infinity Ward,10.7,No
Fortnite 653,Strategy,Multi-platform,2021,329,433,Krafton,14.8,No
Fortnite 654,Simulation,Mobile,2006,170,298,Krafton,3.5,Yes
Apex Legends 655,Strategy,Mobile,2011,206,388,Roblox Corporation,13.2,No
Valorant 656,Simulation,Mobile,2016,55,127,EA Sports,11.6,Yes
Valorant 657,Simulation,Mobile,2007,41,210,Krafton,3.0,Yes
Candy Crush 658,Sports,Console,2023,431,434,Roblox Corporation,12.1,Yes
FIFA 659,Simulation,PC,2024,545,624,Rockstar Games,8.2,No
Fortnite 660,Battle Royale,Mobile,2020,234,264,Maxis,8.2,Yes
Dota 2 661,Puzzle,Mobile,2012,198,378,Maxis,14.5,Yes
Roblox 662,Sports,Mobile,2011,531,629,Innersloth,5.7,Yes
League of Legends 663,Action-Adventure,Mobile,2022,495,679,Innersloth,7.9,No
Among Us 664,Battle Royale,Multi-platform,2021,563,671,EA Sports,5.2,Yes
Clash of Clans 665,Puzzle,Mobile,2012,443,552,Riot Games,9.3,Yes
Rocket League 666,First-person Shooter,PC,2020,395,432,Epic Games,11.0,Yes
FIFA 667,Strategy,Multi-platform,2021,428,469,Rockstar Games,9.3,Yes
Fortnite 668,Action-Adventure,Console,2005,345,531,Nintendo,3.3,Yes
Rocket League 669,MOBA,PC,2011,133,273,Roblox Corporation,3.2,Yes
Elden Ring 670,First-person Shooter,Multi-platform,2013,547,565,Nintendo,12.4,Yes
Clash of Clans 671,Action-Adventure,Mobile,2015,156,294,EA Sports,2.6,Yes
PUBG 672,Puzzle,Multi-platform,2015,264,436,Nintendo,11.1,No
Valorant 673,Party/Social Deduction,Multi-platform,2005,360,399,EA Sports,13.9,No
League of Legends 674,Sandbox,Console,2020,251,391,Riot Games,10.2,No
League of Legends 675,Puzzle,PC,2011,147,285,Epic Games,7.1,Yes
The Sims 676,Sandbox,Multi-platform,2005,333,429,Supercell,8.2,Yes
Elden Ring 677,Puzzle,PC,2010,537,732,Rockstar Games,9.4,No
Apex Legends 678,Strategy,Mobile,2012,203,248,Riot Games,2.1,No
Roblox 679,First-person Shooter,Multi-platform,2015,73,267,Krafton,8.9,No
Roblox 680,First-person Shooter,PC,2005,187,197,King,3.3,No
Overwatch 681,Party/Social Deduction,Console,2021,552,597,Infinity Ward,13.3,Yes
Rocket League 682,Action-Adventure,PC,2022,428,467,Nintendo,6.7,No
FIFA 683,Simulation,PC,2021,203,306,Infinity Ward,2.2,Yes
Elden Ring 684,First-person Shooter,PC,2022,129,299,Maxis,12.8,No
Apex Legends 685,First-person Shooter,Mobile,2024,105,298,Maxis,11.1,Yes
FIFA 686,Sandbox,PC,2005,418,491,King,7.6,Yes
CS:GO 687,Strategy,Mobile,2024,261,345,Infinity Ward,4.2,No
Candy Crush 688,Strategy,Console,2024,548,642,Mojang,8.5,Yes
FIFA 689,Puzzle,Console,2019,473,673,King,6.4,Yes
GTA V 690,Sandbox,Mobile,2022,538,702,Infinity Ward,7.3,Yes
Candy Crush 691,Sports,PC,2005,29,189,Maxis,2.7,Yes
Roblox 692,Party/Social Deduction,PC,2022,71,109,Krafton,13.4,Yes
League of Legends 693,MOBA,Console,2007,190,226,Supercell,5.5,No
FIFA 694,Sandbox,Multi-platform,2020,107,128,Supercell,10.2,No
Candy Crush 695,MOBA,PC,2011,434,633,Krafton,12.5,Yes
Fortnite 696,Battle Royale,Console,2012,279,341,FromSoftware,3.6,Yes
Clash of Clans 697,MOBA,Multi-platform,2017,79,132,Valve,13.9,Yes
GTA V 698,Strategy,Mobile,2012,66,193,Mojang,14.4,No
Apex Legends 699,Action-Adventure,Console,2022,407,474,Innersloth,9.7,No
Valorant 700,Party/Social Deduction,Console,2010,50,149,Riot Games,9.7,Yes
PUBG 701,Party/Social Deduction,Mobile,2010,150,199,Supercell,6.9,No
Fortnite 702,Puzzle,PC,2023,99,219,Valve,9.3,No
Fortnite 703,Puzzle,PC,2022,167,189,Nintendo,6.7,No
Among Us 704,Simulation,Mobile,2017,342,363,King,3.3,No
CS:GO 705,Action-Adventure,Multi-platform,2008,173,196,Supercell,7.9,No
Among Us 706,Action-Adventure,Console,2011,112,151,Rockstar Games,5.2,No
Fortnite 707,Simulation,Mobile,2017,207,399,FromSoftware,11.1,Yes
Clash of Clans 708,Party/Social Deduction,Mobile,2007,409,489,Krafton,6.8,No
Apex Legends 709,Battle Royale,Console,2024,371,508,Riot Games,7.0,Yes
Rocket League 710,First-person Shooter,Mobile,2017,585,621,Maxis,11.4,No
Apex Legends 711,Simulation,Console,2016,63,203,King,10.8,Yes
PUBG 712,Party/Social Deduction,PC,2006,216,295,Mojang,14.3,No
Minecraft 713,Action-Adventure,Console,2019,10,26,Supercell,11.0,Yes
League of Legends 714,Strategy,Mobile,2021,347,424,Nintendo,13.9,Yes
League of Legends 715,MOBA,PC,2008,72,174,Nintendo,10.0,Yes
Elden Ring 716,First-person Shooter,Multi-platform,2010,264,372,Innersloth,2.4,Yes
Among Us 717,MOBA,PC,2016,317,460,Mojang,9.1,No
League of Legends 718,Action-Adventure,Console,2015,517,699,Riot Games,13.2,Yes
Elden Ring 719,Action-Adventure,PC,2010,378,461,King,12.5,Yes
Candy Crush 720,Action-Adventure,Mobile,2024,324,505,Maxis,8.4,Yes
Among Us 721,Sports,Mobile,2014,380,479,Krafton,14.7,No
GTA V 722,Strategy,Console,2009,398,559,King,8.5,No
Dota 2 723,Puzzle,Multi-platform,2009,519,705,FromSoftware,6.6,Yes
Clash of Clans 724,Strategy,Multi-platform,2005,419,554,Supercell,13.1,No
Overwatch 725,First-person Shooter,Multi-platform,2021,425,509,EA Sports,12.0,No
Overwatch 726,First-person Shooter,PC,2011,393,480,Supercell,2.5,No
Apex Legends 727,Action-Adventure,PC,2013,311,314,Rockstar Games,10.4,Yes
Among Us 728,Sandbox,PC,2013,519,569,Riot Games,2.1,Yes
Elden Ring 729,MOBA,Mobile,2020,557,648,Innersloth,4.8,No
Roblox 730,First-person Shooter,PC,2022,388,454,Krafton,12.7,No
Halo 731,Battle Royale,Multi-platform,2019,28,226,FromSoftware,6.1,Yes
PUBG 732,Party/Social Deduction,Mobile,2017,284,446,Rockstar Games,14.9,No
Call of Duty 733,Strategy,Multi-platform,2023,479,563,EA Sports,5.5,Yes
Among Us 734,Simulation,PC,2005,485,575,Valve,9.5,No
Among Us 735,Strategy,Multi-platform,2017,316,497,Mojang,4.6,No
Candy Crush 736,Sandbox,Multi-platform,2021,500,666,EA Sports,9.5,Yes
PUBG 737,Sandbox,Mobile,2012,397,415,Nintendo,13.8,No
Minecraft 738,Action-Adventure,PC,2019,417,598,Supercell,2.2,No
Elden Ring 739,Action-Adventure,PC,2007,112,254,Innersloth,2.4,Yes
GTA V 740,Sports,Console,2015,114,178,Rockstar Games,13.3,No
Elden Ring 741,First-person Shooter,Multi-platform,2013,416,492,FromSoftware,14.1,No
Among Us 742,Battle Royale,Multi-platform,2008,413,415,Maxis,2.1,No
League of Legends 743,First-person Shooter,Console,2006,432,617,FromSoftware,3.3,Yes
The Sims 744,Sports,Multi-platform,2018,277,476,Nintendo,4.0,No
Dota 2 745,Action-Adventure,Mobile,2024,144,211,Innersloth,2.6,No
Call of Duty 746,Puzzle,PC,2010,447,571,Roblox Corporation,10.9,No
CS:GO 747,Battle Royale,Mobile,2011,535,701,Innersloth,4.3,No
Rocket League 748,Battle Royale,Mobile,2005,464,614,Innersloth,12.5,No
Candy Crush 749,Party/Social Deduction,Multi-platform,2009,70,156,Nintendo,12.8,No
Elden Ring 750,Sandbox,PC,2011,427,503,Riot Games,12.1,Yes
FIFA 751,First-person Shooter,PC,2018,411,428,Innersloth,2.7,Yes
Halo 752,Puzzle,PC,2013,591,625,Epic Games,11.0,Yes
Roblox 753,Strategy,Console,2008,446,549,Roblox Corporation,10.1,Yes
Roblox 754,Simulation,Mobile,2011,209,300,FromSoftware,14.9,Yes
Elden Ring 755,Simulation,PC,2016,507,525,Epic Games,13.7,Yes
PUBG 756,Sandbox,PC,2024,283,458,Supercell,9.0,Yes
CS:GO 757,Strategy,Multi-platform,2020,245,427,Riot Games,5.2,No
FIFA 758,Action-Adventure,Console,2020,567,718,Innersloth,9.0,No
Halo 759,Strategy,PC,2018,445,542,FromSoftware,11.2,Yes
Overwatch 760,Sandbox,Multi-platform,2018,106,291,Riot Games,5.1,No
Dota 2 761,Sandbox,Multi-platform,2014,226,258,Nintendo,4.7,No
PUBG 762,Battle Royale,Console,2024,337,345,Mojang,8.3,No
Call of Duty 763,Battle Royale,Console,2021,435,436,Roblox Corporation,7.4,Yes
Halo 764,Action-Adventure,Console,2012,95,97,Rockstar Games,8.3,No
Fortnite 765,Party/Social Deduction,Multi-platform,2010,479,664,Valve,10.5,Yes
PUBG 766,MOBA,PC,2005,410,584,Nintendo,5.9,No
Apex Legends 767,Action-Adventure,Multi-platform,2012,352,415,Valve,7.3,No
Among Us 768,MOBA,Mobile,2022,241,301,Maxis,2.8,Yes
The Sims 769,First-person Shooter,Mobile,2010,126,141,Innersloth,13.4,Yes
Rocket League 770,Action-Adventure,Mobile,2020,312,318,Supercell,13.2,Yes
PUBG 771,Simulation,Console,2024,496,498,Mojang,14.4,No
Elden Ring 772,Battle Royale,PC,2007,179,356,Riot Games,11.4,No
Valorant 773,Action-Adventure,Multi-platform,2009,207,332,EA Sports,10.1,No
Clash of Clans 774,First-person Shooter,Multi-platform,2006,295,375,Infinity Ward,10.1,No
CS:GO 775,Strategy,Multi-platform,2024,191,296,FromSoftware,7.2,Yes
Rocket League 776,Strategy,Multi-platform,2024,513,643,Maxis,6.3,Yes
Among Us 777,Sports,Multi-platform,2023,236,361,Roblox Corporation,2.4,No
Candy Crush 778,Party/Social Deduction,PC,2005,545,626,King,14.8,No
Among Us 779,Puzzle,PC,2014,571,603,Valve,3.1,Yes
Apex Legends 780,Sandbox,Console,2022,291,475,Krafton,6.4,Yes
Overwatch 781,Puzzle,Multi-platform,2019,141,283,Epic Games,10.2,No
Valorant 782,Strategy,PC,2008,546,576,Epic Games,9.1,No
Rocket League 783,Action-Adventure,Mobile,2010,501,614,Epic Games,12.1,Yes
Call of Duty 784,Puzzle,Console,2005,239,273,Infinity Ward,2.9,Yes
Rocket League 785,Sandbox,Console,2018,358,542,King,12.6,Yes
Halo 786,Puzzle,PC,2014,286,473,Infinity Ward,6.6,Yes
Roblox 787,MOBA,Multi-platform,2009,101,245,Nintendo,12.2,Yes
GTA V 788,Strategy,Console,2021,353,488,EA Sports,12.4,No
Overwatch 789,Party/Social Deduction,PC,2023,80,193,FromSoftware,13.7,No
Minecraft 790,First-person Shooter,Multi-platform,2016,154,229,Mojang,14.3,Yes
CS:GO 791,Sandbox,PC,2021,172,184,Maxis,9.1,Yes
Rocket League 792,First-person Shooter,Mobile,2021,30,111,Rockstar Games,10.0,No
Apex Legends 793,Sandbox,PC,2021,312,442,Maxis,5.2,Yes
FIFA 794,Simulation,PC,2007,277,402,Innersloth,13.0,Yes
League of Legends 795,Party/Social Deduction,Mobile,2005,145,224,Infinity Ward,8.9,Yes
Clash of Clans 796,MOBA,PC,2021,179,243,Riot Games,6.0,Yes
League of Legends 797,First-person Shooter,Console,2017,317,485,Roblox Corporation,4.7,No
Dota 2 798,First-person Shooter,PC,2011,539,724,Mojang,8.2,Yes
Valorant 799,MOBA,Mobile,2013,46,199,Maxis,3.1,Yes
PUBG 800,Sandbox,Multi-platform,2016,228,317,Innersloth,11.1,No
Clash of Clans 801,Party/Social Deduction,PC,2021,511,536,Mojang,14.6,Yes
Fortnite 802,Simulation,Console,2018,524,631,Innersloth,12.0,Yes
Apex Legends 803,Strategy,Mobile,2008,28,88,FromSoftware,11.4,Yes
Valorant 804,First-person Shooter,Mobile,2019,532,635,Mojang,7.9,Yes
CS:GO 805,Battle Royale,Console,2008,117,301,EA Sports,2.5,Yes
Valorant 806,Sports,PC,2008,495,598,Mojang,6.3,Yes
The Sims 807,Sports,Multi-platform,2019,562,665,King,11.4,No
League of Legends 808,Party/Social Deduction,Mobile,2005,174,296,FromSoftware,3.9,Yes
Apex Legends 809,First-person Shooter,Mobile,2015,349,475,Infinity Ward,9.7,Yes
Fortnite 810,Action-Adventure,Console,2006,346,410,EA Sports,14.7,No
GTA V 811,Simulation,Mobile,2006,366,398,Maxis,2.9,Yes
Roblox 812,Simulation,Console,2017,59,63,Rockstar Games,2.7,Yes
Fortnite 813,Party/Social Deduction,Multi-platform,2007,503,613,Krafton,9.0,Yes
Fortnite 814,Sandbox,Console,2018,358,452,King,9.4,Yes
Valorant 815,Sports,Console,2019,151,192,Maxis,8.2,No
Minecraft 816,Simulation,PC,2013,429,463,King,3.1,No
Apex Legends 817,Action-Adventure,Console,2005,246,400,Mojang,14.4,Yes
Rocket League 818,Strategy,Multi-platform,2011,486,539,Valve,14.9,Yes
Halo 819,Action-Adventure,Mobile,2007,553,664,Krafton,14.6,No
League of Legends 820,Battle Royale,Console,2005,481,552,Supercell,12.7,No
Rocket League 821,First-person Shooter,Console,2007,333,506,Maxis,11.5,Yes
Apex Legends 822,First-person Shooter,Mobile,2011,535,536,King,4.9,No
Overwatch 823,Party/Social Deduction,PC,2018,566,737,Infinity Ward,7.5,Yes
Rocket League 824,Sports,PC,2008,543,628,Maxis,5.9,No
Rocket League 825,MOBA,Console,2005,187,263,Epic Games,12.1,Yes
Valorant 826,Action-Adventure,Multi-platform,2024,417,495,King,11.4,Yes
CS:GO 827,MOBA,Console,2014,466,476,EA Sports,6.0,No
Call of Duty 828,Sports,PC,2015,336,514,Maxis,13.7,Yes
Call of Duty 829,First-person Shooter,Multi-platform,2022,395,526,Epic Games,11.7,Yes
Dota 2 830,Party/Social Deduction,Mobile,2020,326,336,Krafton,3.6,No
Clash of Clans 831,Action-Adventure,Console,2019,362,469,Epic Games,7.0,Yes
The Sims 832,Party/Social Deduction,Multi-platform,2015,55,205,Maxis,7.9,No
Minecraft 833,Party/Social Deduction,Console,2015,550,631,Maxis,13.2,Yes
The Sims 834,Action-Adventure,Mobile,2011,450,536,Nintendo,2.1,Yes
FIFA 835,Action-Adventure,PC,2012,314,468,Supercell,14.1,No
Halo 836,MOBA,PC,2006,486,629,Rockstar Games,3.5,Yes
PUBG 837,Sandbox,Multi-platform,2015,292,316,Roblox Corporation,12.5,No
CS:GO 838,Battle Royale,Multi-platform,2005,587,758,Rockstar Games,3.0,Yes
Candy Crush 839,Sandbox,Multi-platform,2023,96,287,Maxis,4.1,Yes
Minecraft 840,Strategy,Multi-platform,2011,374,456,Maxis,4.5,No
Elden Ring 841,Puzzle,PC,2011,488,513,King,3.7,Yes
CS:GO 842,Party/Social Deduction,Mobile,2014,351,356,Maxis,9.5,No
Valorant 843,Action-Adventure,PC,2020,112,122,Nintendo,10.1,No
Apex Legends 844,Strategy,Multi-platform,2018,434,442,Innersloth,12.6,No
Among Us 845,Sandbox,PC,2023,326,467,Krafton,12.2,Yes
Among Us 846,Puzzle,Mobile,2009,362,401,Maxis,6.0,No
Elden Ring 847,Simulation,PC,2014,433,517,Epic Games,4.9,No
Clash of Clans 848,Sandbox,Multi-platform,2006,583,676,Riot Games,8.4,No
Valorant 849,MOBA,Mobile,2006,434,540,Rockstar Games,7.3,No
Call of Duty 850,MOBA,Mobile,2014,161,199,Maxis,13.2,No
Apex Legends 851,First-person Shooter,Console,2009,181,246,FromSoftware,5.4,No
League of Legends 852,Simulation,Mobile,2021,454,563,EA Sports,4.2,Yes
Halo 853,Party/Social Deduction,Mobile,2024,251,300,Roblox Corporation,14.9,No
Among Us 854,Sports,Multi-platform,2006,464,633,Supercell,5.2,No
Overwatch 855,Puzzle,Multi-platform,2019,292,468,Infinity Ward,5.6,No
League of Legends 856,Party/Social Deduction,Mobile,2021,364,465,Maxis,12.8,No
Minecraft 857,Sandbox,Mobile,2013,377,480,Mojang,6.5,Yes
GTA V 858,First-person Shooter,Multi-platform,2024,352,470,Valve,11.3,No
Minecraft 859,Strategy,Console,2010,562,747,Riot Games,14.4,Yes
Halo 860,First-person Shooter,Mobile,2010,121,185,Nintendo,5.1,No
The Sims 861,Simulation,Mobile,2024,249,267,Supercell,3.1,No
League of Legends 862,Puzzle,Mobile,2019,207,228,Maxis,9.8,No
League of Legends 863,Battle Royale,Console,2021,588,595,Infinity Ward,9.0,No
Fortnite 864,Strategy,Console,2012,68,238,Valve,9.8,No
Elden Ring 865,Sports,Console,2007,70,258,EA Sports,10.1,Yes
League of Legends 866,Strategy,PC,2006,462,571,FromSoftware,9.5,Yes
Valorant 867,Strategy,Multi-platform,2022,265,346,Maxis,2.7,No
Among Us 868,Action-Adventure,Multi-platform,2013,378,557,Roblox Corporation,11.3,Yes
PUBG 869,Strategy,Mobile,2008,501,532,Epic Games,11.0,No
Call of Duty 870,Puzzle,Multi-platform,2013,123,315,Rockstar Games,5.7,No
League of Legends 871,Puzzle,PC,2013,167,286,FromSoftware,13.0,Yes
FIFA 872,Strategy,Multi-platform,2018,214,395,Supercell,6.9,Yes
Apex Legends 873,Action-Adventure,Multi-platform,2023,194,292,EA Sports,12.9,No
Valorant 874,MOBA,Console,2024,569,767,Krafton,13.9,No
FIFA 875,Sports,Multi-platform,2006,561,622,King,11.4,Yes
Rocket League 876,MOBA,PC,2015,139,251,Valve,13.7,Yes
Overwatch 877,Party/Social Deduction,Mobile,2015,196,352,Epic Games,14.4,Yes
The Sims 878,Action-Adventure,Mobile,2007,471,524,Mojang,14.3,No
Roblox 879,First-person Shooter,PC,2021,546,714,Maxis,2.1,Yes
Fortnite 880,Strategy,Console,2018,546,598,Supercell,10.4,Yes
Fortnite 881,Battle Royale,Mobile,2019,312,490,Roblox Corporation,4.9,No
Clash of Clans 882,Action-Adventure,Console,2007,341,359,King,8.2,Yes
PUBG 883,Sandbox,Mobile,2005,403,579,Riot Games,7.0,Yes
League of Legends 884,Action-Adventure,PC,2011,406,575,Roblox Corporation,14.3,No
PUBG 885,First-person Shooter,Mobile,2005,551,645,FromSoftware,3.4,No
Among Us 886,Party/Social Deduction,Console,2014,16,46,Nintendo,2.6,No
Rocket League 887,MOBA,Console,2023,245,270,EA Sports,7.8,Yes
Valorant 888,First-person Shooter,Multi-platform,2015,55,189,FromSoftware,7.4,Yes
CS:GO 889,Action-Adventure,Multi-platform,2015,511,689,Nintendo,9.4,No
GTA V 890,Party/Social Deduction,Multi-platform,2022,515,706,Maxis,9.0,No
Call of Duty 891,Simulation,Mobile,2010,594,785,Valve,14.9,No
Call of Duty 892,MOBA,Multi-platform,2020,12,45,FromSoftware,3.9,Yes
Roblox 893,Sports,PC,2015,285,455,Infinity Ward,3.9,No
Among Us 894,Puzzle,Mobile,2014,468,650,Infinity Ward,10.5,Yes
PUBG 895,Strategy,PC,2008,572,578,Riot Games,4.1,No
Apex Legends 896,Strategy,Console,2021,235,336,Innersloth,3.2,Yes
Candy Crush 897,Simulation,Mobile,2013,238,242,Roblox Corporation,6.3,No
Fortnite 898,Party/Social Deduction,Mobile,2011,166,309,Krafton,14.4,Yes
Roblox 899,Party/Social Deduction,Multi-platform,2015,525,651,Roblox Corporation,5.5,Yes
GTA V 900,MOBA,Multi-platform,2012,113,154,Maxis,9.3,No
PUBG 901,Strategy,Mobile,2005,513,620,EA Sports,7.7,No
League of Legends 902,Simulation,Multi-platform,2021,451,503,King,8.6,No
FIFA 903,First-person Shooter,Console,2024,257,342,Innersloth,13.5,No
Dota 2 904,Battle Royale,Multi-platform,2005,11,29,Maxis,9.0,No
Fortnite 905,Simulation,PC,2016,583,639,EA Sports,9.7,No
Halo 906,MOBA,PC,2019,348,502,Rockstar Games,4.8,Yes
Fortnite 907,MOBA,Console,2017,238,332,Maxis,4.0,Yes
Clash of Clans 908,First-person Shooter,PC,2011,330,493,Valve,10.9,Yes
PUBG 909,MOBA,PC,2012,299,450,Innersloth,12.7,Yes
FIFA 910,Battle Royale,Console,2024,257,438,Mojang,8.4,Yes
Minecraft 911,Sandbox,PC,2021,238,243,Epic Games,12.8,Yes
The Sims 912,MOBA,PC,2012,421,541,EA Sports,9.8,No
Dota 2 913,Sports,Multi-platform,2016,108,230,Valve,10.3,Yes
The Sims 914,First-person Shooter,Mobile,2013,386,489,Rockstar Games,12.2,No
Halo 915,Puzzle,PC,2016,362,475,Nintendo,12.5,No
CS:GO 916,Strategy,PC,2022,487,488,Mojang,11.7,No
Among Us 917,Puzzle,Console,2012,12,105,Infinity Ward,14.0,No
Overwatch 918,Battle Royale,Multi-platform,2018,142,251,Infinity Ward,12.3,Yes
Clash of Clans 919,Puzzle,Console,2008,507,561,Mojang,6.9,Yes
Call of Duty 920,Strategy,Multi-platform,2023,273,456,Valve,7.1,No
Among Us 921,Sandbox,PC,2011,285,346,Roblox Corporation,11.8,No
Rocket League 922,MOBA,Console,2005,134,259,FromSoftware,14.9,Yes
Candy Crush 923,First-person Shooter,Multi-platform,2008,258,323,FromSoftware,4.2,Yes
The Sims 924,Action-Adventure,Multi-platform,2024,546,745,King,11.9,Yes
CS:GO 925,MOBA,Mobile,2019,473,560,Maxis,5.2,Yes
League of Legends 926,Party/Social Deduction,Mobile,2016,14,66,Riot Games,3.8,Yes
Rocket League 927,Action-Adventure,Multi-platform,2018,263,383,Riot Games,10.7,No
PUBG 928,First-person Shooter,Multi-platform,2017,486,596,King,12.4,Yes
Roblox 929,Action-Adventure,Multi-platform,2022,85,255,Rockstar Games,4.1,No
GTA V 930,Puzzle,Multi-platform,2023,383,383,Roblox Corporation,11.0,No
Fortnite 931,First-person Shooter,Mobile,2005,536,697,Maxis,14.1,Yes
Rocket League 932,Sports,Multi-platform,2010,383,575,Valve,3.2,Yes
Fortnite 933,Sports,Multi-platform,2017,590,757,Roblox Corporation,4.6,No
PUBG 934,Simulation,PC,2005,471,648,Innersloth,2.6,Yes
CS:GO 935,Simulation,Mobile,2023,22,112,Infinity Ward,6.1,Yes
Apex Legends 936,Battle Royale,Multi-platform,2009,245,405,Innersloth,7.4,No
Call of Duty 937,MOBA,Multi-platform,2017,14,181,Rockstar Games,2.5,Yes
League of Legends 938,Battle Royale,Mobile,2011,336,435,Innersloth,4.8,Yes
Valorant 939,Puzzle,PC,2023,280,318,FromSoftware,4.4,No
Roblox 940,Sandbox,Mobile,2023,182,271,Nintendo,6.5,No
Apex Legends 941,Puzzle,Console,2014,106,306,FromSoftware,2.5,Yes
Minecraft 942,Battle Royale,Multi-platform,2006,267,372,Infinity Ward,8.5,No
PUBG 943,Sports,Multi-platform,2008,81,132,Krafton,3.6,Yes
Rocket League 944,Sports,Multi-platform,2009,402,537,Maxis,4.5,No
Apex Legends 945,Battle Royale,Mobile,2020,457,480,EA Sports,3.9,No
Roblox 946,Battle Royale,Multi-platform,2024,515,526,Maxis,14.5,No
Overwatch 947,Party/Social Deduction,Mobile,2019,584,754,Maxis,13.0,No
Rocket League 948,MOBA,Console,2016,60,87,Riot Games,11.5,No
FIFA 949,Puzzle,Multi-platform,2021,402,554,Krafton,14.9,No
Halo 950,MOBA,PC,2012,82,92,King,3.3,Yes
Rocket League 951,MOBA,PC,2013,275,410,Innersloth,2.5,No
Clash of Clans 952,Party/Social Deduction,Multi-platform,2011,364,520,Supercell,6.2,No
The Sims 953,Sports,PC,2005,282,477,FromSoftware,11.9,Yes
Elden Ring 954,Battle Royale,Console,2020,167,225,Infinity Ward,3.6,No
PUBG 955,Sandbox,Mobile,2008,307,390,EA Sports,3.2,Yes
Apex Legends 956,Party/Social Deduction,Multi-platform,2022,270,374,Supercell,7.2,No
Clash of Clans 957,Action-Adventure,Multi-platform,2023,360,436,Innersloth,14.9,No
Overwatch 958,Strategy,Console,2017,86,167,Rockstar Games,3.0,Yes
Minecraft 959,Puzzle,Multi-platform,2023,393,487,EA Sports,13.5,No
Halo 960,Action-Adventure,Multi-platform,2006,311,427,EA Sports,6.7,Yes
Minecraft 961,Puzzle,Console,2009,239,363,Riot Games,2.8,Yes
League of Legends 962,Party/Social Deduction,Mobile,2024,143,185,Supercell,9.5,Yes
The Sims 963,First-person Shooter,Multi-platform,2009,46,78,King,14.6,No
PUBG 964,Battle Royale,Mobile,2007,466,588,Roblox Corporation,7.5,Yes
Minecraft 965,Puzzle,Multi-platform,2022,96,237,Mojang,13.4,Yes
Rocket League 966,Party/Social Deduction,Mobile,2006,28,105,Infinity Ward,14.2,Yes
Call of Duty 967,First-person Shooter,Multi-platform,2011,148,306,Krafton,6.0,No
Clash of Clans 968,Sandbox,Console,2018,130,158,Supercell,10.9,Yes
Minecraft 969,First-person Shooter,PC,2023,134,299,Valve,6.9,No
League of Legends 970,Puzzle,Console,2015,491,600,Rockstar Games,10.6,Yes
Among Us 971,Action-Adventure,Console,2010,579,590,Krafton,11.3,Yes
Rocket League 972,Puzzle,Console,2022,42,238,Roblox Corporation,3.6,Yes
Minecraft 973,Puzzle,Console,2021,551,680,King,4.6,Yes
Minecraft 974,Sports,PC,2023,307,348,King,2.4,Yes
Rocket League 975,Party/Social Deduction,Console,2016,194,239,Innersloth,9.9,Yes
FIFA 976,Battle Royale,Console,2024,112,133,Nintendo,3.3,No
Roblox 977,Sports,Console,2024,357,397,Riot Games,4.5,No
Roblox 978,MOBA,PC,2016,111,266,King,5.1,Yes
FIFA 979,Sports,Console,2012,223,314,FromSoftware,3.9,No
Candy Crush 980,Sports,Multi-platform,2020,77,111,Supercell,4.4,Yes
Candy Crush 981,MOBA,Multi-platform,2007,291,438,Krafton,9.2,No
League of Legends 982,MOBA,Multi-platform,2009,140,181,Maxis,9.1,Yes
The Sims 983,Action-Adventure,Multi-platform,2007,81,114,Innersloth,12.3,No
Fortnite 984,First-person Shooter,Console,2020,548,736,Roblox Corporation,12.4,Yes
PUBG 985,Action-Adventure,Mobile,2021,565,686,King,6.6,Yes
Apex Legends 986,Sandbox,Multi-platform,2016,73,273,Infinity Ward,6.3,Yes
Overwatch 987,Battle Royale,PC,2018,538,620,Roblox Corporation,12.6,Yes
Halo 988,Simulation,Mobile,2006,101,256,Nintendo,12.2,No
Overwatch 989,Puzzle,Mobile,2019,468,580,Epic Games,12.4,Yes
Minecraft 990,MOBA,Console,2016,163,306,Nintendo,2.7,No
Elden Ring 991,Simulation,Mobile,2008,121,222,Rockstar Games,6.5,No
GTA V 992,Party/Social Deduction,Mobile,2016,517,524,Nintendo,11.2,No
Call of Duty 993,Action-Adventure,Mobile,2018,575,727,Maxis,13.8,Yes
Clash of Clans 994,Puzzle,Mobile,2021,94,210,Nintendo,13.6,Yes
League of Legends 995,Strategy,Console,2011,229,269,Valve,3.1,No
Elden Ring 996,Sports,PC,2017,240,352,King,9.4,No
Minecraft 997,Party/Social Deduction,PC,2010,564,706,King,4.5,Yes
Elden Ring 998,Puzzle,Mobile,2015,388,401,Infinity Ward,10.8,No
Rocket League 999,Sports,PC,2010,220,294,King,9.6,No
FIFA 1000,Sandbox,Mobile,2010,522,700,Nintendo,2.5,Yes
